{"engineId":"ed05271d-91fe-4500-b75c-e1f8952819c8","engineName":"Datablitz_Team1","rdbmsId":"37c1e06d-7256-4087-9abf-a3ffb452070a","varstore":{},"frames":[{"file":"@BaseFolder@/db/@ENGINE@/version/37c1e06d-7256-4087-9abf-a3ffb452070a/FRAME.gz","meta":"@BaseFolder@/db/@ENGINE@/version/37c1e06d-7256-4087-9abf-a3ffb452070a/METADATA__FRAME.owl","state":null,"type":"prerna.ds.h2.H2Frame","name":"FRAME","keys":["$CUR_FRAME_KEY","FRAME"]}],"panels":[{"panelId":"0","panelLabel":null,"view":"visualization","viewOptions":null,"viewOptionsMap":{},"config":{},"ornaments":{},"events":{},"comments":{},"position":{},"filters":[],"order":[],"cbv":[]}],"tasks":{"tasks":[{"type":"basic","task":{"taskType":"basic","id":"task1","numCollected":500,"internalOffset":0,"taskOptions":"{\"options\":{\"0\":{\"layout\":\"Grid\",\"alignment\":{\"label\":[\"AGENCY\",\"FAC_Agency\",\"EIN\",\"DBKEY\",\"AUDITYEAR\"]}}},\"ornament\":false}","qs":{"qsType":"FRAME","frameName":"FRAME","isDistinct":true,"overrideImplicit":false,"limit":500,"offset":0,"relations":"[]","selectors":[{"type":"COLUMN","content":{"table":"AGENCY","column":"PRIM_KEY_PLACEHOLDER","alias":"AGENCY","tableAlias":null}},{"type":"COLUMN","content":{"table":"FAC_Agency","column":"PRIM_KEY_PLACEHOLDER","alias":"FAC_Agency","tableAlias":null}},{"type":"COLUMN","content":{"table":"EIN","column":"PRIM_KEY_PLACEHOLDER","alias":"EIN","tableAlias":null}},{"type":"COLUMN","content":{"table":"DBKEY","column":"PRIM_KEY_PLACEHOLDER","alias":"DBKEY","tableAlias":null}},{"type":"COLUMN","content":{"table":"AUDITYEAR","column":"PRIM_KEY_PLACEHOLDER","alias":"AUDITYEAR","tableAlias":null}}]}}}],"taskCounter":2},"recipe":["AddPanel ( 0 ) ;","Panel ( 0 ) | SetPanelView ( \"visualization\" ) ;","CreateFrame ( grid ) .as ( [ FRAME ] ) ;","Database ( \"ed05271d-91fe-4500-b75c-e1f8952819c8\" ) | Select ( FAC_Agency__AGENCY , FAC_Agency , FAC_Agency__EIN , FAC_Agency__DBKEY , FAC_Agency__AUDITYEAR ) | Limit ( 500 ) | Import ( ) ;","Frame ( ) | Select ( AGENCY , FAC_Agency , EIN , DBKEY , AUDITYEAR ) | Format ( type = [ 'table' ] ) | TaskOptions ( { \"0\" : { \"layout\" : \"Grid\" , \"alignment\" : { \"label\" : [ \"AGENCY\" , \"FAC_Agency\" , \"EIN\" , \"DBKEY\" , \"AUDITYEAR\" ] } } } ) | Collect ( 500 ) ;"]}