{"insightID":"85641e11-ea50-4332-a9b0-3beb153d515a","pixelReturn":[{"pixelExpression":"CachedPanel ( \"0\" ) ;","isMeta":false,"output":{"panelId":"0","view":"visualization","viewOptionsMap":{},"config":{},"ornaments":{},"events":{},"comments":{},"position":{},"filters":[],"order":[],"cbv":[]},"operationType":["CACHED_PANEL"]},{"pixelExpression":"Frame ( ) | Select ( AGENCY , FAC_Agency , EIN , DBKEY , AUDITYEAR ) | Format ( type = [ 'table' ] ) | TaskOptions ( { \"0\" : { \"layout\" : \"Grid\" , \"alignment\" : { \"label\" : [ \"AGENCY\" , \"FAC_Agency\" , \"EIN\" , \"DBKEY\" , \"AUDITYEAR\" ] } } } ) | Collect ( 500 ) ;","isMeta":false,"output":{"data":{"values":[],"headers":["AGENCY","FAC_Agency","EIN","DBKEY","AUDITYEAR"],"rawHeaders":null},"format":{"type":"TABLE"},"headerInfo":[{"alias":"AGENCY","header":"AGENCY","type":"NUMBER","derived":false},{"alias":"FAC_Agency","header":"FAC_Agency","type":"NUMBER","derived":false},{"alias":"EIN","header":"EIN","type":"NUMBER","derived":false},{"alias":"DBKEY","header":"DBKEY","type":"NUMBER","derived":false},{"alias":"AUDITYEAR","header":"AUDITYEAR","type":"NUMBER","derived":false}],"sortInfo":[],"numCollected":500,"taskOptions":{"0":{"layout":"Grid","alignment":{"label":["AGENCY","FAC_Agency","EIN","DBKEY","AUDITYEAR"]}}},"filterInfo":[],"taskId":"task1"},"operationType":["TASK_DATA"]}]}